{
  "controller/BaseController.js": 1643283941432,
  "manifest.json": 1643446279205,
  "utils/locate-reuse-libs.js": 1643283941428,
  "model/models.js": 1643283941452,
  "model/formatter.js": 1643283941452,
  "controller/Worklist.controller.js": 1643446175768,
  "controller/Object.controller.js": 1643283941444,
  "controller/NotFound.controller.js": 1643283941440,
  "controller/ErrorHandler.js": 1643283941436,
  "i18n/i18n.properties": 1643283941420,
  "controller/App.controller.js": 1643283941432,
  "Component.js": 1643283941412,
  "manifest-bundle.zip": 1643446279214,
  "Component-preload.js": 1643446279547,
  "controller/Object-dbg.controller.js": 1643283941444,
  "model/models-dbg.js": 1643283941452,
  "model/formatter-dbg.js": 1643283941452,
  "controller/Worklist-dbg.controller.js": 1643446175768,
  "utils/locate-reuse-libs-dbg.js": 1643283941428,
  "controller/NotFound-dbg.controller.js": 1643283941440,
  "controller/ErrorHandler-dbg.js": 1643283941436,
  "controller/BaseController-dbg.js": 1643283941432,
  "controller/App-dbg.controller.js": 1643283941432,
  "Component-dbg.js": 1643283941412,
  "view/Worklist.view.xml": 1643446148555,
  "view/ObjectNotFound.view.xml": 1643283941468,
  "view/Object.view.xml": 1643283941468,
  "view/NotFound.view.xml": 1643283941456,
  "view/App.view.xml": 1643283941456,
  "index.html": 1643283941412
}